Venus/Earth/Moon/Mars/Phobos/Deimos/Metis/Thebe/Europa/Leda/Elara/Ananke/Carme/Sinope/Saturn/Pan/Atlas/Janus/Mimas/Tethys/Dione/Helene/Rhea/Titan/Phoebe/Uranus/Binaca/Juliet/Protia/Puck/Ariel/Oberon/Naiad/Triton/Nereid/Pluto/Charon/Zeus/Hera/Hades/Apollo/Ares/Athena/Hestia/Hermes/Icus/Issa/Ium/Osus/Que/Trix/API/Abas/Abdera/Abdiae/Acita/Actium/Actus/Adamus/Adoni/Adonin/Adonis/Aenea/Aeneae/Aeneam/Aenean/Aeneas/Aeneis/Aenus/Aeole/Aeoli/Aeolo/Aeolum/Aeolus/Africa/Ala/Alba/Alpes/Amamia/Amor/Amos/Ancon/Ancona/Ancyra/Andes/Anglia/Anglie/Anna/Anna/Bolina/Anna/Frank/Antium/Arabia/Arar/Ararat/Araxes/Ardea/Arete/Asia/Asuca/Ateste/Athena/Atla/Atlas/Aulus/Aulus/Celsus/Aulus/Aurora/Avadia/XVI/Biva/Bonna/Bootes/Budda/Cairus/Canada/Cancer/Cancri/Capua/Carica/Gauss/Catana/Celsus/Ceres/Charon/Cicero/Cincia/Clio/Clius/Cobeum/Bello/Corea/Nepos/Creta/Cygnus/Cyprus/Cyrus/Dacia/Dairus/Daniel/David/Natura/Iunius/Desima/Deus/Deva/Diana/Dis/Montes/Doumea/Dresda/Editha/Editha/Stein/Egra/Klotz/Esdrae/Espo/Esther/Europa/Exodus/Fatima/Febris/Finnia/Finnum/Finnus/Moenum/Oderam/Fucuia/Fusius/Gaea/Gaius/Iulius/Caesar/Gaius/Gaius/Gaius/Galli/Gallia/Gallus/Ganga/Ganges/Gifua/Google/Graece/Graeci/Graeco/Hadria/Harima/Hatria/Here/Hieus/Holmia/Honsua/Hyogum/Iabel/Idumum/Iena/Iesus/Imbros/India/Ioanna/Vives/Paulus/Iobus/Ioel/Ionas/Iosue/Iove/Iovem/Iovi/Iovis/Iracum/Ire/Isaiae/Italia/Iudaea/Iudas/Iulius/Iunius/Iuno/Iunone/Iunoni/Iura/Jesus/Judaea/Kinnus/Kyotum/Lao/Lasa/Latina/Latine/Latini/Latino/Latium/Liber/Libra/Librae/Libram/Licus/Liger/Lucas/Lucia/Lucius/Seneca/Lucius/Lucius/Iunius/XIV/Luna/Lunae/Lunam/Magnus/Maius/Marcus/Marcus/Cato/Marcus/Varro/Marcus/Cicero/Marcus/Maria/Maria/Mars/Marte/Martem/Marti/Martis/Mater/Meacum/Meao/Meatum/Melita/Libri/Mikado/Milo/Moenus/Mucius/Nagoia/Nahum/Nara/Natio/Neo/Gross/Nigata/Niger/Nova/Nox/Numeri/Omura/Ope/Opem/Opi/Opis/Ops/Orbis/Ordo/Ordo/Sancti/Ordo/Sancti/Orion/Orione/Orioni/Osaca/Osee/Otum/Paeus/Patrae/Pavo/Pax/Libya/Persa/Persia/Persis/Petrus/Phyle/Pisae/Pisces/Pluto/Psalmi/Naso/Pyrene/Regum/Rhene/Rheni/Rheno/Rhenum/Rhenus/Rhodus/Roma/Romana/Romane/Romani/Romano/Russia/Ruth/SPD/SPQR/SQPD/Sacaia/Sacer/Ordo/Sacrum/Sala/Salo/Sappho/Sicule/Siga/Sinae/Sirius/Smyrna/Sol/Sole/Solem/Soli/Solis/Suecia/Suo/Syria/Tamba/Tangum/Tasima/Taurus/Tellus/Terra/Terrae/Terram/Thaius/Thalia/Thebae/Themis/Meyer/Thomas/Thomas/Thomas/Morus/Thule/Tibur/Titus/Titus/Livius/Tocio/Toneus/Troia/Troiae/Troiam/Tuanum/Turca/Turcia/Turcus/Uloa/Urane/Urano/Uranum/Uranus/Ursa/Maior/Utopia/Vacasa/Vallis/Venere/Veneri/Venus/Vesta/Vestae/Vestam/Vox/Latina/Vultur/Ximum/Ch/Ch/Chr/Chr/Abacus/Abdico/Abdo/Abduco/Abeam/Abeant/Abeas/Abeat/Abeo/Abesse/Abeunt/Abhinc/Abicio/Abigo/Abimus/Abire/Abiri/Abis/Abisse/Abit/Abitio/Abitis/Abitur/Ablata/Ablate/Ablati/Ablato/Ablatu/Abloco/Aboleo/Absens/Absum/Absume/Absumo/Abundo/Abutor/Accedo/Accido/Accura/Accuro/Accuso/Acer/Acera/Acere/Aceri/Aceris/Acerum/Acidum/Acidus/Acie/Aciei/Aciem/Acies/Acre/Acrem/Acres/Acri/Acria/Acris/Acrium/Acta/Actae/Actam/Actas/Acti/Actio/Actis/Acto/Actos/Actu/Actui/Actum/Actura/Acturi/Acturo/Actus/Actuum/Acu/Acubus/Acui/Acum/Acus/Acutus/Acuum/Addam/Addant/Addas/Addat/Adde/Addens/Addent/Addere/Addes/Addet/Addi/Addidi/Addis/Addit/Addite/Addito/Additu/Addo/Adduc/Adduco/Addunt/Ademi/Ademit/Adeo/Adfer/Adfero/Adfers/Adfert/Adhibe/Adhuc/Adicio/Adimam/Adimar/Adimas/Adimat/Adime/Adimes/Adimet/Adimi/Adimis/Adimit/Adimo/Adimor/Aditus/Adiuvi/Adiuvo/Admone/Admota/Admote/Admoti/Admoto/Admove/Admovi/Adniti/Adnuo/Adorem/Adores/Adoret/Adoro/Adsum/Adsumi/Aduna/Adunat/Aduro/Aedes/Aeger/Aegre/Aelure/Aeluri/Aeluro/Aenea/Aeneae/Aeneas/Aeneo/Aeneos/Aeneus/Aequas/Aequat/Aequo/Aequor/Aequus/Aer/Aer/Comm/Aer/Vulg/Aera/Aerae/Aeram/Aeras/Aere/Aerea/Aereae/Aeream/Aereas/Aerei/Aereis/Aerem/Aereo/Aereos/Aeres/Aereum/Aeri/Aeria/Aeriae/Aeriam/Aerias/Aerii/Aeriis/Aerio/Aerios/Aeris/Aerium/Aerius/Aerum/Aes/Aestas/Aestuo/Aestus/Aetas/Aetate/Aetati/Aevum/Affer/Affero/Agam/Agamur/Agamus/Agant/Agar/Agaris/Agas/Agat/Agatis/Agatur/Age/Agebam/Agebar/Agebas/Agebat/Agemur/Agemus/Agenda/Agende/Agendi/Agendo/Agens/Agent/Agente/Agenti/Ager/Agere/Agerem/Agerer/Ageres/Ageret/Ageris/Ages/Aget/Agetis/Agetur/Agger/Agi/Agimur/Agimus/Agis/Agit/Agitat/Agite/Agitem/Agites/Agitet/Agitis/Agito/Agitor/Agitur/Agmen/Agne/Agni/Agnis/Agno/Agnos/Agnum/Agnus/Ago/Agor/Agri/Agris/Agro/Agros/Agrum/Agunt/Agunto/Aio/Akysis/Ala/Alam/Alamus/Alant/Alas/Alat/Alatis/Alba/Albae/Albam/Albas/Albe/Albi/Albis/Albo/Albos/Album/Albus/Alce/Alcem/Alcen/Alces/Alci/Alcis/Alebam/Alebas/Alebat/Alemus/Alent/Alerem/Aleres/Ales/Aletis/Aliama/Alias/Alibi/Alimus/Aliqui/Aliter/Alitis/Alius/Allata/Allate/Allati/Allato/Alligo/Alma/Almae/Almam/Almas/Alme/Almus/Alne/Alni/Alnis/Alno/Alnos/Alnum/Alnus/Alo/Aloe/Alopex/Alpha/Alta/Altae/Altam/Altas/Alte/Alter/Alti/Altis/Alto/Altos/Altum/Altus/Ama/Amabam/Amabar/Amabas/Amabat/Amabis/Amabit/Amabo/Amabor/Amamur/Amamus/Amanda/Amande/Amandi/Amando/Amans/Amant/Amante/Amanti/Amanto/Amara/Amarae/Amaram/Amaras/Amare/Amarem/Amarer/Amares/Amaret/Amari/Amaris/Amaro/Amaros/Amarum/Amarus/Amas/Amasse/Amat/Amata/Amatae/Amatam/Amatas/Amate/Amati/Amatis/Amato/Amator/Amatos/Amatum/Amatur/Amatus/Amavi/Amavit/Ambi/Ambiam/Ambias/Ambiat/Ambies/Ambiet/Ambio/Ambire/Ambiri/Ambis/Ambit/Ambite/Ambito/Ambitu/Ambo/Ambulo/Amem/Amemur/Amemus/Amen/Ament/Amer/Ameris/Ames/Amet/Ametis/Ametur/Amice/Amici/Amicis/Amico/Amicos/Amicum/Amicus/Amita/Amitto/Amnis/Amo/Amor/Amore/Amorem/Amores/Amori/Amoris/Amorum/Ample/Amplus/Anas/Anate/Anatem/Anates/Anati/Anatis/Anatum/Ancora/Angele/Angeli/Angelo/Anguis/Ani/Aniba/Anima/Animal/Animus/Anna/Annans/Annant/Annare/Annas/Annat/Annate/Annem/Annent/Annes/Annet/Anni/Annis/Anniti/Anno/Annos/Annum/Annus/Annuus/Anser/Ansere/Anseri/Ante/Ante/Aer/Comm/Ante/Aer/Vulg/Antea/Anteeo/Anulus/Anus/Anxius/Ape/Apem/Aperio/Aperta/Aperte/Aperti/Aperto/Apes/Api/Apibus/Apis/Apium/Appete/Appeti/Appeto/Aptus/Apud/Apum/Aqua/Aquae/Aquam/Aquas/Aquila/Aquile/Aquili/Aquilo/Aquis/Ara/Arabam/Arabar/Arabas/Arabat/Arabis/Arabit/Arabo/Arabor/Arae/Aram/Aramur/Aramus/Aranda/Arande/Arandi/Arando/Arans/Arant/Arante/Aranti/Aranto/Arare/Ararem/Ararer/Arares/Araret/Arari/Araris/Ararit/Ararum/Aras/Arasse/Arat/Arata/Aratae/Aratam/Aratas/Arate/Arati/Aratio/Aratis/Arato/Aratos/Aratu/Aratui/Aratum/Aratur/Aratus/Aravi/Aravit/Arbor/Arbore/Arbori/Arce/Arcem/Arces/Archon/Arci/Arcis/Arcu/Arcui/Arcum/Arcus/Arcuum/Ardea/Ardeae/Ardeam/Ardeas/Ardeis/Arduus/Are/Area/Areae/Aream/Areant/Areas/Areat/Arebam/Arebas/Arebat/Arebis/Arebit/Arebo/Areis/Arem/Aremur/Aremus/Arens/Arent/Arente/Arento/Areo/Arer/Arere/Arerem/Areres/Areret/Areris/Ares/Aret/Arete/Aretis/Areto/Aretur/Argon/Arida/Aridae/Aridam/Aride/Aridum/Aridus/Aries/Aris/Arma/Aro/Aror/Ars/Arte/Artem/Artes/Arti/Artis/Artium/Aruero/Arui/Aruit/Arx/Asse/Assem/Asses/Assi/Assis/Assium/Assume/Assumi/Assumo/Astati/Astato/Aster/Ateles/Ater/Atque/Aucta/Auctae/Auctam/Auctas/Auctat/Aucte/Auctem/Auctes/Auctet/Aucti/Auctis/Aucto/Auctor/Auctos/Auctu/Auctui/Auctum/Auctus/Audi/Audiam/Audias/Audiat/Audies/Audiet/Audio/Audire/Audiri/Audis/Audit/Audite/Audito/Audivi/Aufero/Aufers/Aufert/Auge/Augeam/Augeas/Augeat/Augens/Augent/Augeo/Augere/Augeri/Auges/Auget/Augete/Aula/Aura/Aurae/Auram/Auras/Aure/Aurem/Aures/Aureus/Auri/Aurim/Auris/Aurium/Auro/Aurora/Aurum/Auster/Austre/Austri/Austro/Aut/Autem/Avia/Avidus/Avis/Avo/Avorum/Avos/Avum/Avus/Axis/Azima/Barba/Barium/Basis/Batis/Bella/Belli/Bellum/Bellus/Belua/Bene/Bero/Bestia/Beta/Bibam/Bibant/Bibas/Bibat/Bibe/Bibens/Bibent/Bibere/Bibero/Bibes/Bibet/Bibi/Bibis/Bibit/Bibite/Bibito/Bibo/Bibone/Biboni/Bibunt/Bina/Binae/Binas/Bini/Binio/Binis/Binos/Bis/Blatta/Bona/Bonae/Bonam/Bonas/Bone/Boni/Bonis/Bono/Bonos/Bonum/Bonus/Boreas/Bori/Boro/Borum/Bos/Breve/Brevem/Breves/Brevi/Brevia/Brevis/Bromi/Bromo/Bromum/Bucca/Buccae/Buccam/Buccas/Buccis/Bursa/Ca/Caco/Cadam/Cadant/Cadas/Cadat/Cade/Cadens/Cadent/Cadere/Cades/Cadet/Cadi/Cadis/Cadit/Cadite/Cadito/Cado/Cadunt/Caecus/Caedam/Caedar/Caedas/Caedat/Caede/Caedes/Caedet/Caedi/Caedis/Caedit/Caedo/Caedor/Caelum/Caesia/Caesie/Caesii/Caesio/Calame/Calami/Calamo/Calle/Callem/Calles/Calli/Callis/Cana/Canae/Canam/Canant/Canas/Canat/Cancer/Cancri/Cane/Canem/Canent/Canere/Canes/Canet/Cani/Canis/Canit/Canite/Canito/Cano/Canos/Canta/Cantas/Cantat/Cantem/Canter/Cantes/Cantet/Cantio/Canto/Cantor/Canum/Canunt/Canus/Cape/Caper/Capere/Capi/Capiam/Capiar/Capias/Capiat/Capies/Capiet/Capio/Capior/Capis/Capit/Capita/Capite/Capiti/Capito/Cappa/Capta/Captae/Captam/Captas/Capte/Capti/Captis/Capto/Captos/Captu/Captum/Captus/Caput/Cara/Carae/Caram/Caras/Care/Cari/Carior/Caris/Carius/Carmen/Caro/Caros/Carum/Carus/Casa/Castra/Castri/Castro/Casu/Casui/Casum/Casura/Casure/Casuri/Casuro/Casus/Casuum/Catte/Catti/Cattis/Catto/Cattos/Cattum/Cattus/Caulis/Causa/Cauta/Cautae/Cautam/Cautas/Caute/Cauti/Cautis/Cauto/Cautor/Cautos/Cautum/Cautus/Cava/Cavabo/Cavae/Cavam/Cavans/Cavant/Cavare/Cavari/Cavas/Cavat/Cavate/Cavato/Cave/Caveam/Caveas/Caveat/Cavebo/Cavem/Cavens/Cavent/Caveo/Cavere/Caveri/Cavero/Caves/Cavet/Cavete/Caveto/Cavi/Cavis/Cavit/Cavo/Cavos/Cavum/Cavus/Cecidi/Cecini/Cedam/Cedant/Cedas/Cedat/Cede/Cedens/Cedent/Cedere/Cedes/Cedet/Cedi/Cedis/Cedit/Cedite/Cedito/Cedo/Cedunt/Celer/Celere/Celeri/Cena/Cenae/Cenam/Cenas/Cenis/Ceno/Censa/Censae/Censam/Censas/Cense/Censi/Censis/Censo/Censos/Censu/Censui/Censum/Census/Centum/Cepero/Cepi/Cepit/Cerium/Cerve/Cervi/Cervis/Cervix/Cervo/Cervos/Cervum/Cervus/Cessa/Cessae/Cessam/Cessas/Cessat/Cesse/Cessem/Cesses/Cesset/Cessi/Cessim/Cessio/Cessis/Cessit/Cesso/Cessos/Cessu/Cessum/Cessus/Ceu/Chaca/Chemia/Chi/Chlori/Chloro/Cibe/Cibi/Cibis/Cibo/Cibos/Cibum/Cibus/Cifra/Cinara/Cinere/Cineri/Cinis/Cinus/Cive/Civem/Cives/Civi/Civile/Civili/Civis/Civium/Clamor/Clarus/Clave/Clavem/Claves/Clavi/Clavim/Clavis/Coegi/Coegit/Cogam/Cogant/Cogar/Cogas/Cogat/Coge/Cogent/Coges/Coget/Cogis/Cogit/Cogite/Cogito/Cogo/Cogor/Cogunt/Collis/Color/Colore/Colori/Comis/Comple/Condam/Condas/Condat/Conde/Condes/Condet/Condi/Condis/Condit/Condo/Cone/Confer/Coni/Conis/Coniux/Cono/Conor/Conos/Consta/Consto/Consul/Contra/Conum/Conus/Copia/Coppa/Coquus/Cor/Corda/Corde/Cordi/Cordis/Cordum/Cornix/Cornu/Corpus/Costa/Cramum/Cras/Crax/Crea/Creans/Creare/Creata/Create/Credam/Credas/Credat/Crede/Credes/Credet/Credis/Credit/Credo/Creo/Cresce/Cresco/Crevi/Crevit/Crisis/Cruce/Crucem/Cruces/Cruci/Crucis/Crucum/Crux/Cui/Cuius/Cule/Culi/Culis/Culme/Culmi/Culmis/Culmo/Culmos/Culmum/Culmus/Culo/Culos/Cultus/Culum/Culus/Cum/Cuna/Cunae/Cunas/Cunis/Cunne/Cunni/Cunnis/Cunno/Cunnos/Cunnum/Cunnus/Cupido/Cupri/Cupro/Cuprum/Cura/Curabo/Curans/Curant/Curare/Curari/Curas/Curat/Curata/Curate/Curati/Curato/Curavi/Curem/Curent/Curer/Cures/Curet/Curium/Curo/Curor/Curram/Curras/Currat/Curre/Curres/Curret/Curris/Currit/Curro/Currus/Cursor/Cuspis/Cutio/Cycne/Cycni/Cycnis/Cycno/Cycnos/Cycnum/Cycnus/Cygne/Cygni/Cygnis/Cygno/Cygnos/Cygnum/Cygnus/Daemon/Damma/Damus/Danda/Dandae/Dandam/Dandas/Dande/Dandi/Dandis/Dando/Dandos/Dandum/Dandus/Dans/Dant/Dante/Dantem/Dantes/Danti/Dantia/Dantis/Danto/Dare/Darem/Darent/Dares/Daret/Dari/Daruma/Dat/Data/Datae/Datam/Datas/Date/Dati/Datis/Dato/Datos/Datote/Datu/Datui/Datum/Datura/Dature/Daturi/Daturo/Datus/Datuum/Dea/Deabus/Deae/Deam/Dearum/Deas/Debens/Debeo/Decas/Decem/Decem/Milia/Decies/Deduc/Deduci/Deduco/Deduxi/Defero/Deinde/Dele/Deleam/Delear/Deleas/Deleat/Delebo/Delens/Delent/Deleo/Deleor/Delere/Deleri/Deles/Delet/Deleta/Delete/Deleti/Deleto/Deletu/Delevi/Delta/Dem/Demum/Demus/Dena/Denae/Denas/Deni/Denis/Denos/Dens/Dent/Dente/Dentem/Dentes/Denti/Dentis/Depone/Deponi/Depono/Deride/Des/Desero/Desum/Det/Detis/Deus/Deus/Dic/Dica/Dicabo/Dicam/Dicans/Dicant/Dicar/Dicare/Dicari/Dicas/Dicat/Dicata/Dicate/Dicati/Dicato/Dicavi/Dicem/Dicens/Dicent/Dicer/Dicere/Dices/Dicet/Dici/Dicis/Dicit/Dicite/Dicito/Dico/Dicor/Dicta/Dictas/Dictat/Dictem/Dictes/Dictet/Dicti/Dictio/Dictis/Dicto/Dictu/Dictum/Dictus/Dicunt/Die/Diebus/Diei/Diem/Dierum/Dies/Dies/Iovis/Dies/Lunae/Dies/Martis/Dies/Dies/Dies/Solis/Dies/Differ/Digite/Digiti/Digito/Digne/Digno/Dignus/Dilata/Dilate/Dilati/Dilato/Dilatu/Dirruo/Diruam/Diruas/Diruat/Dirue/Dirues/Diruet/Dirui/Diruis/Diruit/Diruo/Disce/Discit/Disco/Disto/Diu/Diva/Divae/Divam/Divas/Dive/Dives/Divide/Dividi/Divido/Divina/Divine/Divus/Dixero/Dixi/Dixit/Dobera/Doce/Doceam/Docear/Doceas/Doceat/Docebo/Docens/Docent/Doceo/Doceor/Docere/Doceri/Doces/Docet/Docete/Doceto/Docta/Doctae/Doctam/Doctas/Docte/Docti/Doctis/Docto/Doctos/Doctum/Doctus/Dole/Doleam/Doleas/Doleat/Dolebo/Dolens/Dolent/Doleo/Dolere/Doles/Dolet/Dolete/Doleto/Dolor/Dolore/Dolori/Domant/Domare/Domari/Domas/Domat/Domate/Domi/Domina/Domine/Domini/Domino/Domo/Domos/Domu/Domui/Domum/Domus/Domuum/Dona/Donant/Donare/Donari/Donas/Donat/Donate/Donec/Donem/Donent/Dones/Donet/Doni/Donis/Dono/Donum/Dorade/Doradi/Doras/Dormi/Dormio/Dormis/Dormit/Dos/Dote/Dotem/Dotes/Doti/Dotis/Dotium/Dotum/Draco/Duabus/Duae/Duarum/Duas/Dubita/Dubito/Duc/Ducam/Ducant/Ducas/Ducat/Duce/Ducem/Duceni/Ducens/Ducent/Ducere/Duces/Ducet/Duci/Ducis/Ducit/Ducite/Duco/Ducta/Ductas/Ductat/Ductem/Ducter/Ductes/Ductet/Ducto/Ductor/Ductu/Ductum/Ductus/Ducum/Ducunt/Dum/Duo/Duo/Milia/Duobus/Duorum/Duos/Dupla/Duplae/Duplam/Duplas/Duplat/Duplem/Duples/Duplet/Duplex/Duplis/Duplo/Duplum/Duplus/Dux/Eadem/Eae/Eaedem/Eam/Eamus/Eandem/Eant/Earum/Eas/Easdem/Eat/Eatis/Eatur/Ebur/Ed/Edam/Edamur/Edamus/Edant/Edar/Edaris/Edas/Edat/Edatis/Edatur/Edax/Ede/Edebam/Edebas/Edebat/Edemur/Edemus/Edenda/Edende/Edendi/Edendo/Edens/Edent/Edente/Edenti/Ederam/Ederas/Ederat/Edere/Ederem/Ederes/Ederet/Ederim/Ederis/Ederit/Edero/Edes/Edet/Edetis/Edetur/Edi/Edidi/Edidit/Edimur/Edimus/Edis/Edisse/Edisti/Edit/Edite/Editis/Edito/Editor/Editur/Edo/Edor/Educ/Educa/Educam/Educas/Educat/Educem/Educes/Educet/Educis/Educit/Educo/Edunt/Edunto/Effero/Effuti/Egeram/Egeras/Egerat/Egerim/Egeris/Egerit/Egero/Egi/Egimus/Egisse/Egisti/Egit/Ego/Eheu/Eicio/Eidem/Eis/Eisdem/Eius/Elatae/Elatam/Elatas/Elati/Elatis/Elato/Elatos/Elatu/Elatum/Elatus/Todo/Lugar/Emam/Emamur/Emamus/Emant/Emar/Emaris/Emas/Emat/Ematis/Ematur/Eme/Emebam/Emebar/Emebas/Emebat/Ememur/Ememus/Emenda/Emende/Emendi/Emendo/Emens/Ement/Emente/Ementi/Emeram/Emeras/Emerat/Emere/Emerem/Emerer/Emeres/Emeret/Emerim/Emeris/Emerit/Emero/Emes/Emet/Emetis/Emetur/Emi/Emimur/Emimus/Emis/Emisi/Emisit/Emissa/Emisse/Emissi/Emisso/Emissu/Emisti/Emit/Emite/Emitis/Emito/Emitor/Emitte/Emitti/Emitto/Emitur/Emo/Emor/Emota/Emotae/Emotam/Emotas/Emote/Emoti/Emotis/Emoto/Emotos/Emotum/Emotus/Emove/Emoveo/Emovi/Empta/Emptae/Emptam/Emptas/Empte/Empti/Emptio/Emptis/Empto/Emptor/Emptos/Emptu/Emptum/Emptus/Emunt/Emunto/Enim/Ens/Enti/Entia/Entis/Entium/Eodem/Eorum/Eos/Eosdem/Equa/Eques/Equus/Eram/Eramus/Erant/Eras/Erat/Eratis/Erbium/Ergo/Erimus/Eris/Erit/Eritis/Ero/Erra/Errabo/Errans/Errant/Errare/Errari/Erras/Errat/Errata/Errate/Errati/Errato/Erratu/Erravi/Errem/Errent/Erres/Erret/Erro/Errone/Erroni/Erunt/Esse/Essem/Essent/Esses/Esset/Est/Este/Estis/Esto/Estote/Estur/Esura/Esurae/Esuram/Esuras/Esure/Esuri/Esurio/Esuris/Esuro/Esuros/Esurum/Esurus/Eta/Etc/Etiam/Etsi/Eum/Eunda/Eundae/Eundam/Eundas/Eunde/Eundem/Eundi/Eundis/Eundo/Eundos/Eundum/Eundus/Eunt/Eunte/Euntem/Euntes/Eunti/Euntia/Euntis/Eunto/Eure/Euri/Euris/Euro/Euros/Eurum/Eurus/Eveni/Evenio/Evenis/Ex/Gr/Excava/Excavo/Excute/Excuti/Exeam/Exeant/Exeas/Exeat/Exeo/Exeunt/Exhibe/Exi/Exibam/Exibas/Exibat/Exibis/Exibit/Exibo/Exiere/Exiero/Exii/Exiit/Eximus/Exinde/Exire/Exirem/Exires/Exiret/Exiri/Exis/Exisse/Existi/Existo/Exit/Exite/Exitis/Exito/Exitur/Expono/Exsto/Exter/Extra/Extuli/Fabula/Fac/Face/Facem/Facere/Faces/Faci/Faciam/Facias/Faciat/Facies/Faciet/Facile/Facili/Facio/Facis/Facit/Facite/Facito/Facium/Facta/Factae/Factam/Factas/Facte/Facti/Factis/Facto/Factos/Factu/Factui/Factum/Factus/Facum/Faenus/Fage/Fagi/Fagis/Fago/Fagos/Fagum/Fagus/Famini/Famur/Fanda/Fandae/Fandam/Fandas/Fande/Fandi/Fandis/Fando/Fandos/Fandum/Fandus/Fantur/Fari/Fatur/Fax/Febres/Febri/Febrim/Febris/Fecero/Feci/Fecit/Fele/Felem/Feles/Feli/Felis/Felium/Femina/Femine/Femini/Femino/Fer/Fera/Ferae/Feram/Ferant/Ferar/Feras/Ferat/Fere/Ferens/Ferent/Feres/Feret/Fero/Feror/Ferox/Ferre/Ferrem/Ferrer/Ferres/Ferret/Ferri/Ferris/Ferro/Ferrum/Fers/Fert/Ferte/Fertis/Ferto/Fertor/Fertur/Ferunt/Ferus/Fessus/Fiam/Fiamus/Fiant/Fias/Fiat/Fiatis/Fiemus/Fient/Fieri/Fies/Fiet/Fietis/Figo/Fili/Filia/Filiae/Filiam/Filias/Filii/Filiis/Filio/Filios/Filium/Filius/Fimum/Fimus/Fine/Finem/Fines/Fini/Finio/Finire/Finis/Finit/Finita/Finite/Finiti/Finito/Finitu/Finium/Fio/Fis/Fit/Fite/Fitis/Fitote/Fiunt/Flamma/Flavus/Fle/Fleam/Fleant/Fleas/Fleat/Flebam/Flebas/Flebat/Flebis/Flebit/Flebo/Flemus/Flenda/Flende/Flendi/Flendo/Flens/Flent/Flente/Flenti/Flento/Fleo/Flere/Flerem/Fleres/Fleret/Fleri/Fles/Flet/Flete/Fletis/Fleto/Fletur/Flevi/Flevit/Flore/Florem/Flores/Flori/Floris/Florum/Flos/Flumen/Fluor/Fluore/Fluori/Fluoro/Foedus/Folium/Fons/Fonte/Fontem/Fontes/Fonti/Fontis/For/Fora/Forabo/Forant/Forare/Forari/Foras/Forat/Forate/Forato/Fore/Forem/Forent/Fores/Foret/Fori/Foris/Forma/Formae/Formam/Formas/Format/Formem/Former/Formes/Formet/Formis/Formo/Formor/Foro/Forte/Fortem/Fortes/Forti/Fortia/Fortis/Forum/Fracta/Fracte/Fracti/Fracto/Fractu/Frange/Frangi/Frango/Frater/Fratre/Fratri/Fraus/Fregi/Fregit/Fueram/Fueras/Fuerat/Fuerim/Fueris/Fuerit/Fuero/Fuge/Fugere/Fugero/Fugi/Fugiam/Fugias/Fugiat/Fugies/Fugiet/Fugii/Fugio/Fugis/Fugit/Fugite/Fugito/Fugitu/Fui/Fuimus/Fuisse/Fuisti/Fuit/Fulva/Fulvae/Fulvam/Fulvas/Fulve/Fulvi/Fulvis/Fulvo/Fulvos/Fulvum/Fulvus/Fume/Fumi/Fumis/Fumo/Fumos/Fumum/Fumus/Fundus/Funera/Funere/Funeri/Fungor/Funus/Fur/Fure/Furem/Fures/Furi/Furis/Furnus/Furum/Furvus/Fuscus/Futuam/Futue/Futui/Futuis/Futuit/Futuo/Futura/Future/Futuri/Futuro/Fututa/Futute/Fututi/Fututo/Galle/Galli/Gallio/Gallis/Gallo/Gallos/Gallum/Gallus/Gamma/Gas/Gase/Gasi/Gasia/Gasis/Gasium/Gener/Genera/Genere/Generi/Genero/Genius/Gens/Gente/Gentem/Gentes/Genti/Gentis/Genu/Genua/Genui/Genus/Genuum/Geram/Gerant/Gerar/Geras/Gerat/Gere/Gerens/Gerent/Gerere/Geres/Geret/Geri/Geris/Gerit/Gerite/Gerito/Gero/Geror/Gerunt/Gessi/Gessit/Gesta/Gestae/Gestam/Gestas/Geste/Gesti/Gestis/Gesto/Gestor/Gestos/Gestu/Gestui/Gestum/Gestus/Gigno/Gilva/Gilvae/Gilvam/Gilvas/Gilve/Gilvi/Gilvis/Gilvo/Gilvos/Gilvum/Gilvus/Globe/Globi/Globis/Globo/Globos/Globum/Globus/Gloria/Gnome/Gradu/Gradui/Gradum/Gradus/Grando/Gratia/Grava/Gravas/Gravat/Grave/Gravem/Graves/Gravet/Gravi/Gravia/Gravis/Gravo/Grex/Gryps/Grypus/Guerra/Habe/Habeam/Habeas/Habeat/Habent/Habeo/Habeor/Habere/Haberi/Habes/Habet/Habete/Habeto/Habito/Hac/Hacat/Hae/Haec/Hamaxa/Hanc/Harum/Harunc/Has/Hasta/Haud/Helii/Helio/Helium/Herba/Here/Heres/Heri/Hic/Hiems/Hilare/Hilari/Hinc/Hoc/Hodie/Holmii/Holmio/Homine/Homo/Hora/Horte/Horti/Hortis/Horto/Hortor/Hortos/Hortum/Hortus/Horum/Horunc/Hos/Hospes/Hostis/Huc/Huic/Huius/Hume/Humi/Humo/Humu/Humum/Humus/Hunc/Hyaena/Iace/Iaceo/Iacere/Iaci/Iaciam/Iaciar/Iacias/Iaciat/Iacies/Iaciet/Iacio/Iacior/Iacis/Iacit/Iacite/Iacito/Iacta/Iactae/Iactam/Iactas/Iacte/Iacti/Iactis/Iacto/Iactos/Iactus/Iam/Ianua/Ibam/Ibamus/Ibant/Ibas/Ibat/Ibatis/Ibatur/Ibi/Ibimus/Ibis/Ibit/Ibitis/Ibitur/Ibo/Ibunt/Icon/Icone/Iconem/Icones/Iconi/Iconis/Iconum/Est/Idem/Iecere/Iecero/Ieci/Iecit/Iecur/Iens/Ieram/Ierant/Ieras/Ierat/Ierim/Ierint/Ieris/Ierit/Iero/Ierunt/Igneus/Ignio/Ignis/Iidem/Iimus/Iis/Iisdem/Iit/Ille/Illic/Illino/Imber/Imbre/Imbrem/Imbres/Imbri/Imbris/Ime/Immo/Imo/Impero/Imus/Incola/Inde/Inde/Indium/Induc/Induci/Induco/Induxi/Inhibe/Inia/Inquam/Insane/Insero/Instar/Insula/Insum/Inter/Intra/Intras/Intrat/Intrem/Intrer/Intres/Intret/Intro/Intror/Inveni/Iodi/Iodo/Iodum/Iota/Ipsa/Ipsae/Ipsam/Ipsas/Ipse/Ipsi/Ipsis/Ipsius/Ipso/Ipsos/Ipsum/Ira/Ire/Irem/Iremus/Irent/Ires/Iret/Iretis/Iretur/Iri/Iris/Isdem/Isse/Issem/Issent/Isses/Isset/Iste/Isti/Istis/Ita/Itae/Itam/Itaque/Itarum/Itas/Ite/Iter/Itero/Iterum/Itibus/Itis/Ito/Itote/Itu/Itui/Itum/Itur/Itura/Iturae/Ituram/Ituras/Iture/Ituri/Ituris/Ituro/Ituros/Iturum/Iturus/Itus/Ituum/Iubeam/Iubear/Iubeo/Iudex/Iungis/Iungit/Iungo/Iunxi/Iunxit/Iura/Iure/Iuri/Iuris/Iurium/Iuro/Ius/Iussu/Iussus/Iustus/Jacio/Jacite/Kalium/Labda/Labe/Labem/Labes/Labi/Labis/Labium/Labor/Labora/Labore/Labori/Laboro/Lac/Lacte/Lacti/Lactis/Lacuna/Lacus/Laetus/Lana/Laneus/Lapis/Larynx/Lassus/Lata/Latae/Latam/Late/Latera/Latere/Lateri/Lati/Lato/Latrix/Latro/Latum/Latura/Lature/Laturi/Laturo/Latus/Lauda/Laudas/Laudat/Laudo/Lava/Lavare/Lavo/Lea/Leaena/Lecta/Lectae/Lectam/Lectas/Lecte/Lecti/Lectis/Lecto/Lector/Lectos/Lectum/Lectus/Legabo/Legam/Legans/Legant/Legar/Legare/Legari/Legas/Legat/Legata/Legate/Legati/Legato/Legavi/Lege/Legem/Legens/Legent/Leger/Legere/Legero/Leges/Leget/Legi/Legis/Legit/Legite/Legito/Lego/Legor/Legum/Legunt/Lene/Lenem/Lenes/Leni/Lenia/Lenis/Lenium/Lenta/Lentae/Lentam/Lentas/Lente/Lenti/Lentis/Lento/Lentos/Lentum/Lentus/Leo/Leone/Leonem/Leones/Leoni/Leonis/Leonum/Lepore/Lepori/Lepus/Leta/Letabo/Letant/Letare/Letari/Letas/Letat/Letata/Letate/Letati/Letato/Letem/Letent/Letes/Letet/Leti/Letis/Leto/Letum/Levis/Lex/Liber/Libet/Libra/Librae/Libram/Libras/Libris/Liga/Ligabo/Ligans/Ligant/Ligare/Ligari/Ligas/Ligat/Ligata/Ligate/Ligati/Ligato/Ligavi/Ligem/Ligent/Liges/Liget/Lignum/Ligo/Ligone/Ligoni/Lilium/Limes/Lingua/Lis/Lite/Litem/Litera/Lites/Lithii/Lithio/Liti/Litis/Litium/Litus/Ll/Cc/Loc/Cit/Loca/Locans/Locant/Locare/Locari/Locas/Locat/Locate/Loce/Locem/Locent/Loces/Locet/Loci/Locis/Loco/Locos/Locum/Locus/Logos/Longa/Longae/Longam/Longas/Longe/Longi/Longis/Longo/Longos/Longum/Longus/Loquax/Loquor/Luce/Luceam/Luceas/Luceat/Lucem/Lucens/Lucent/Luceo/Lucere/Luces/Lucet/Lucete/Luceto/Luci/Lucis/Lucra/Lucri/Lucris/Lucro/Lucrum/Lucum/Ludam/Ludant/Ludar/Ludas/Ludat/Lude/Ludens/Ludent/Ludere/Ludes/Ludet/Ludi/Ludis/Ludit/Ludite/Ludito/Ludo/Ludor/Ludos/Ludum/Ludunt/Ludus/Luna/Lunae/Lunam/Lunas/Lunis/Lupe/Lupi/Lupis/Lupo/Lupos/Lupum/Lupus/Lusa/Lusae/Lusam/Lusas/Luse/Lusero/Lusi/Lusis/Lusit/Luso/Lusos/Lusu/Lusui/Lusum/Lusura/Lusure/Lusuri/Lusuro/Lusus/Lusuum/Luteus/Lux/Luxi/Luxit/Lyceum/Lynx/Magia/Magna/Magnae/Magnam/Magnas/Magne/Magni/Magnis/Magno/Magnos/Magnum/Magnus/Maior/Maiora/Maiore/Maiori/Maius/Mala/Malae/Malam/Malas/Male/Malent/Males/Malet/Mali/Malim/Malint/Malis/Malit/Malle/Mallem/Malles/Mallet/Malo/Malos/Malui/Maluit/Malum/Malunt/Malus/Mane/Maneam/Maneas/Maneat/Manebo/Manens/Manent/Maneo/Manere/Maneri/Manes/Manet/Manete/Maneto/Mango/Manis/Mansi/Mansit/Mansor/Mantis/Manu/Manui/Manum/Manus/Manuum/Marca/Mare/Marem/Mares/Mari/Maria/Maris/Marium/Marmor/Martyr/Marum/Mas/Mater/Matre/Matrem/Matres/Matri/Matris/Matrix/Matrum/Mavis/Mavult/Maxima/Maxime/Maximi/Maximo/Mea/Meae/Meam/Mearum/Meas/Medeor/Media/Medica/Medice/Medici/Medico/Medius/Meis/Mel/Melior/Melius/Melle/Melli/Mellis/Mendax/Mensa/Mense/Mensem/Menses/Mensi/Mensis/Mensum/Meo/Meorum/Meos/Merce/Mercem/Merci/Mercor/Merda/Merdas/Merge/Mergi/Merse/Merx/Metior/Metor/Metra/Metri/Metris/Metro/Metrum/Meum/Meus/Miles/Milia/Milio/Mille/Minima/Minime/Minimi/Minimo/Minor/Minora/Minore/Minori/Minue/Minui/Minuis/Minuit/Minuo/Minus/Minuta/Minute/Minuti/Minuto/Mirus/Miser/Misero/Misi/Misit/Mittam/Mittar/Mittas/Mittat/Mitte/Mittes/Mittet/Mitti/Mittis/Mittit/Mitto/Mittor/Mobile/Mobili/Mode/Modo/Modos/Modus/Mone/Moneam/Monear/Moneas/Moneat/Monebo/Monens/Monent/Moneo/Moneor/Monere/Moneri/Mones/Monet/Monete/Moneto/Monita/Monite/Moniti/Monito/Monitu/Mons/Monte/Montem/Montes/Monti/Montis/Monui/Monuit/Mora/Morae/Moram/Moras/Morbe/Morbi/Morbis/Morbo/Morbos/Morbum/Morbus/More/Morem/Mores/Mori/Morior/Moris/Moro/Moros/Mors/Morte/Mortem/Mortes/Morti/Mortis/Morum/Morus/Mos/Mota/Motabo/Motae/Motam/Motans/Motant/Motare/Motari/Motas/Motat/Motate/Motato/Mote/Motem/Motent/Motes/Motet/Moti/Motis/Moto/Motos/Motu/Motui/Motum/Motura/Moture/Moturi/Moturo/Motus/Motuum/Move/Moveam/Moveas/Moveat/Movebo/Movens/Movent/Moveo/Movere/Moveri/Movero/Moves/Movet/Movete/Moveto/Movi/Movit/Mox/Mule/Muli/Mulier/Mulis/Mulo/Mulos/Multa/Multae/Multam/Multas/Multe/Multi/Multis/Multo/Multos/Multum/Multus/Mulum/Mulus/Munera/Munere/Muneri/Munio/Munus/Mure/Murem/Mures/Muri/Muris/Murium/Muro/Muros/Murum/Murus/Mus/Muta/Mutabo/Mutae/Mutam/Mutans/Mutant/Mutare/Mutari/Mutas/Mutat/Mutata/Mutate/Mutati/Mutato/Mutatu/Mutavi/Mute/Mutem/Mutent/Muter/Mutes/Mutet/Muti/Mutis/Muto/Mutone/Mutoni/Mutor/Mutos/Mutum/Mutus/Mystus/Nabam/Nabant/Nabas/Nabat/Nabis/Nabit/Nabo/Nabunt/Nadir/Nam/Namus/Nanda/Nandae/Nandam/Nandas/Nande/Nandi/Nandis/Nando/Nandos/Nandum/Nandus/Nans/Nant/Nante/Nantem/Nantes/Nanti/Nantia/Nantis/Nanto/Nare/Narem/Narent/Nares/Naret/Nas/Nascor/Nase/Nasi/Nasis/Naso/Nasos/Nasum/Nasus/Nat/Nata/Natabo/Natae/Natam/Natans/Natant/Natare/Natari/Natas/Natat/Natata/Natate/Natati/Natato/Natatu/Natavi/Nate/Natem/Natent/Nates/Natet/Nati/Natio/Natis/Nato/Natos/Natote/Natrii/Natrio/Natrix/Natu/Natui/Natum/Natus/Natuum/Nauta/Nava/Navae/Navale/Navam/Navant/Navare/Navas/Navat/Navate/Nave/Navem/Navent/Naves/Navet/Navi/Navis/Navis/Navis/Navit/Navium/Navo/Navos/Navum/Navus/Neam/Neamur/Neamus/Neant/Near/Nearis/Neas/Neat/Neatis/Neatur/Nebam/Nebant/Nebar/Nebas/Nebat/Nebis/Nebit/Nebo/Nebor/Nebunt/Neca/Necans/Necant/Necare/Necas/Necat/Necata/Necate/Nece/Necem/Necent/Neces/Necet/Neci/Necis/Neco/Necum/Nefas/Negare/Nego/Nei/Nem/Nemine/Nemini/Nemo/Nempe/Nemur/Nemus/Nenda/Nendae/Nendam/Nendas/Nende/Nendi/Nendis/Nendo/Nendos/Nendum/Nendus/Nens/Nent/Nente/Nentem/Nentes/Nenti/Nentia/Nentis/Nento/Nentor/Nentur/Neo/Neon/Neor/Nepos/Neptis/Neque/Nere/Nerem/Nerent/Nerer/Neres/Neret/Neri/Neris/Nes/Nescio/Net/Neta/Netae/Netam/Netas/Nete/Neti/Netis/Neto/Netor/Netos/Netote/Netu/Netui/Netum/Netur/Netura/Neture/Neturi/Neturo/Netus/Netuum/Neuter/Neutra/Neutri/Neutro/Nevero/Nevi/Nevit/Nex/Nexu/Nexui/Nexum/Nexus/Nexuum/Niger/Nigra/Nigrae/Nigram/Nigras/Nigri/Nigris/Nigro/Nigros/Nigrum/Nihil/Nimbe/Nimbi/Nimbis/Nimbo/Nimbos/Nimbum/Nimbus/Nisi/Nitor/Nitra/Nitras/Nitri/Nitris/Nitro/Nitrum/Nive/Nivem/Nives/Niveus/Nivi/Nivis/Nivium/Nix/Noce/Noceam/Noceas/Noceat/Nocebo/Nocens/Nocent/Noceo/Nocere/Noceri/Noces/Nocet/Nocete/Noceto/Nocte/Noctem/Noctes/Nocti/Noctis/Noctu/Nolam/Nolens/Nolent/Noles/Nolet/Noli/Nolim/Nolint/Nolis/Nolit/Nolite/Nolito/Nolle/Nollem/Nolles/Nollet/Nolo/Nolui/Noluit/Nolunt/Nomas/Nomen/Nomina/Nomine/Nomini/Nomino/Non/Non/Omne/Quod/Nitet/Aurum/Est/Non/Vis/Non/Vult/Non/Vultis/Novem/Nondum/Nonne/Nonus/Nos/Noscam/Noscas/Noscat/Nosce/Nosces/Noscet/Nosci/Noscis/Noscit/Nosco/Noster/Nostra/Nostri/Nostro/Nota/Notabo/Notae/Notam/Notans/Notant/Notare/Notari/Notas/Notat/Notata/Notate/Notati/Notato/Notatu/Notavi/Note/Notem/Notent/Notes/Notet/Noti/Notio/Notis/Noto/Notor/Notore/Notori/Notos/Notu/Notum/Notus/Nova/Novae/Novale/Novam/Novas/Nove/Novem/Novem/Milia/Novena/Noveni/Novero/Novi/Novies/Novis/Novit/Novo/Novos/Novum/Novus/Nox/Nubes/Nulla/Nullae/Nullam/Nullus/Num/Numera/Numere/Numeri/Numero/Numida/Nummus/Nunc/Nuntio/Nuper/Nutrix/Nux/Obduro/Oblata/Oblate/Oblati/Oblato/Oblatu/Obsta/Obstas/Obstat/Obstem/Obstes/Obstet/Obsto/Obsum/Obtuli/Occido/Octava/Octave/Octavi/Octavo/Octies/Octo/Octo/Milia/Octona/Octoni/Oculus/Offer/Offero/Offers/Offert/Oleum/Olim/Oliva/Olor/Olore/Olorem/Olores/Olori/Oloris/Olorum/Omega/Omne/Omnem/Omnes/Omni/Omnia/Omnis/Omnium/Onca/Ope/Opem/Opera/Operam/Operas/Opere/Operi/Operio/Operis/Operum/Opes/Opibus/Opis/Oppone/Opponi/Oppono/Ops/Optima/Optime/Optimi/Optimo/Opum/Opus/Ora/Orabam/Orabar/Orabas/Orabat/Orabis/Orabit/Orabo/Orabor/Oramur/Oramus/Oranda/Orande/Orandi/Orando/Orans/Orant/Orante/Oranti/Oranto/Orare/Orarem/Orarer/Orares/Oraret/Orari/Oraris/Oras/Orat/Orata/Oratae/Oratam/Oratas/Orate/Orati/Oratio/Oratis/Orato/Orator/Oratos/Oratu/Oratum/Oratur/Oratus/Oravi/Oravit/Orbis/Orbis/Orca/Orcus/Ordo/Ordo/Ore/Orem/Oremur/Oremus/Orent/Orer/Oreris/Ores/Oret/Oretis/Oretur/Ori/Oribus/Oriens/Origo/Orior/Oris/Orium/Oro/Oror/Orum/Osmium/Ossa/Osse/Ossi/Ossis/Ossium/Otitis/Ova/Ove/Ovem/Oves/Ovi/Ovibus/Ovis/Ovium/Ovo/Ovorum/Ovum/Ch/Ch/Chr/Chr/Paca/Pacant/Pacas/Pacat/Pacate/Pace/Pacem/Paces/Paci/Pacis/Paco/Pacum/Paene/Page/Pagi/Pagina/Pagis/Pago/Pagos/Pagum/Pagus/Palma/Pane/Panem/Panes/Pani/Panis/Panum/Papa/Par/Para/Parabo/Parans/Parant/Parare/Parari/Paras/Parat/Parata/Parate/Parati/Parato/Paratu/Paravi/Pardus/Pare/Paream/Pareas/Pareat/Parebo/Parem/Parens/Parent/Pareo/Parer/Parere/Pares/Paret/Parete/Pareto/Pari/Paria/Pariam/Parias/Pariat/Paries/Pariet/Pario/Paris/Parit/Parite/Parito/Parium/Paro/Paror/Pars/Pars/Parta/Partae/Partam/Parte/Partem/Partes/Parti/Partis/Partu/Partum/Partus/Parva/Parvae/Parvam/Parvas/Parve/Parvi/Parvis/Parvo/Parvos/Parvum/Parvus/Passer/Passus/Pastor/Pater/Patior/Patre/Patrem/Patres/Patri/Patria/Patris/Patrum/Pauper/Pavo/Pax/Pede/Pedem/Pedes/Pedi/Pedis/Pedum/Peior/Peiora/Peiore/Peiori/Peius/Pelta/Pendam/Pendar/Pendas/Pendat/Pende/Pendeo/Pendes/Pendet/Pendi/Pendis/Pendit/Pendo/Pendor/Peperi/Per/Pergo/Pes/Petam/Petant/Petas/Petat/Pete/Petent/Petere/Petes/Petet/Peti/Petis/Petit/Petite/Petito/Peto/Petunt/Phasma/Phi/Phoca/Phthir/Phyle/Pia/Piae/Piam/Piarum/Pias/Picta/Pictae/Pictam/Pictas/Picte/Picti/Pictis/Picto/Pictor/Pictos/Pictum/Pictus/Pie/Pii/Piis/Pila/Pine/Pingam/Pingar/Pingas/Pingat/Pinge/Pinges/Pinget/Pingi/Pingis/Pingit/Pingo/Pingor/Pini/Pinis/Pino/Pinos/Pinu/Pinui/Pinum/Pinus/Pinuum/Pinxi/Pinxit/Pio/Piorum/Pios/Pirata/Pisce/Piscem/Pisces/Pisci/Piscis/Pisum/Pium/Pius/Place/Placeo/Places/Placui/Plaga/Planta/Plaudo/Plebs/Plenus/Plora/Ploras/Plorat/Plorem/Plores/Ploret/Ploro/Plumbi/Plumbo/Plura/Plure/Plures/Pluris/Plus/Pluvia/Poesis/Poma/Pome/Pomi/Pomis/Pomo/Pomos/Pomum/Pomus/Ponam/Ponant/Ponar/Ponas/Ponat/Pone/Ponens/Ponent/Ponere/Pones/Ponet/Ponis/Ponit/Pono/Ponor/Pons/Ponte/Pontem/Pontes/Ponti/Pontis/Pontum/Ponunt/Popina/Porca/Porcas/Porce/Porci/Porcis/Porco/Porcos/Porcum/Porcus/Porcus/Porta/Portae/Portam/Portas/Portis/Posita/Posite/Positi/Posito/Posse/Possem/Posses/Posset/Possim/Possis/Possit/Possum/Post/Potens/Potero/Potes/Potest/Prae/Praees/Prima/Primae/Primam/Primas/Prime/Primi/Primis/Primo/Primos/Primum/Primus/Prior/Priora/Priore/Priori/Prius/Pro/Proba/Probas/Probat/Probem/Prober/Probes/Probet/Probo/Probor/Procul/Prodeo/Prodes/Produc/Produx/Profer/Profui/Prope/Prosim/Prosis/Prosit/Prosum/Psi/Pudu/Puella/Puer/Pugna/Pugna/Pulex/Pullus/Pulvis/Puta/Putabo/Putans/Putant/Putare/Putari/Putas/Putat/Putata/Putate/Putati/Putato/Putatu/Putavi/Pute/Puteam/Puteas/Puteat/Putei/Puteis/Putem/Putent/Puteo/Puteos/Putere/Putes/Putet/Putete/Puteum/Puteus/Puto/Putor/Putui/Putuit/Qid/Qua/Quadro/Quae/Quaere/Quaeri/Quaero/Qualis/Qualis/Rex,/Talis/Grex/Quam/Quando/Quanta/Quante/Quanti/Quanto/Quarum/Quas/Quasi/Quater/Quater/Decies/Milia/Quem/Quercu/Queror/Qui/Quia/Quibus/Quidam/Quidem/Quina/Quinae/Quinas/Quini/Quinis/Quinos/Milia/Quis/Quo/Quoad/Quod/Quoque/Quorum/Quum/Radia/Radias/Radiat/Radie/Radiem/Radier/Radies/Radiet/Radio/Radior/Radium/Radon/Rana/Ratio/Vera/Rebus/Reddam/Reddas/Reddat/Redde/Reddi/Reddis/Reddit/Reddo/Redeo/Redire/Refer/Refero/Refers/Refert/Refuge/Refugi/Rege/Regem/Reges/Regi/Regina/Regio/Regis/Regius/Regnum/Regum/Rei/Relata/Relate/Relati/Relato/Relatu/Rem/Reme/Remi/Remis/Remo/Remos/Remota/Remote/Remoti/Remoto/Remove/Removi/Remum/Remus/Reor/Rerum/Res/Res/Datae/Res/Reseda/Resume/Resumo/Retro/Retuli/Rex/Rho/Ride/Ridens/Rident/Rideo/Ridere/Rides/Ridet/Ridete/Rima/Risa/Risae/Risam/Risas/Rise/Risero/Risi/Risis/Riso/Risos/Risum/Risura/Risure/Risuri/Risuro/Risus/Robur/Rore/Rorem/Rores/Rori/Roris/Rorum/Ros/Rosa/Rosu/Ruam/Ruamus/Ruant/Ruas/Ruat/Ruatis/Ruatur/Ruber/Rublus/Rubra/Rubrae/Rubram/Rubras/Rubri/Rubris/Rubro/Rubros/Rubrum/Rue/Ruebam/Ruebas/Ruebat/Ruemus/Ruenda/Ruende/Ruendi/Ruendo/Ruens/Ruent/Ruente/Ruenti/Rueram/Rueras/Ruerat/Ruere/Ruerem/Rueres/Rueret/Ruerim/Rueris/Ruerit/Ruero/Rues/Ruet/Ruetis/Ruetur/Rufa/Rufae/Rufam/Rufas/Rufe/Rufi/Rufis/Rufo/Rufos/Rufum/Rufus/Rui/Ruimus/Ruis/Ruisse/Ruisti/Ruit/Ruite/Ruitis/Ruito/Ruitor/Ruitur/Runa/Runae/Ruo/Rura/Rure/Ruri/Ruris/Rurum/Rus/Ruta/Rutum/Rutus/Ruunt/Ruunto/Sacer/Saepe/Sagina/Sagus/Saltus/Salum/Salus/Salute/Saluti/Saluto/Salve/Salveo/Sampi/San/Sana/Sanabo/Sanae/Sanam/Sanans/Sanant/Sanare/Sanari/Sanas/Sanat/Sanata/Sanate/Sanati/Sanato/Sanavi/Sane/Sanem/Sanent/Sanes/Sanet/Sani/Sanior/Sanis/Sanius/Sano/Sanos/Sanum/Sanus/Sapere/Satis/Saxa/Saxi/Saxis/Saxo/Saxum/Scalae/Scelus/Sci/Sciam/Sciant/Scias/Sciat/Sciens/Scient/Scies/Sciet/Scimus/Scio/Scire/Scis/Scit/Scita/Scitae/Scitam/Scitas/Scite/Sciti/Scitis/Scito/Scitos/Scitu/Scitui/Scitum/Scitus/Sciunt/Sciure/Sciuri/Sciuro/Scopus/Scribe/Scribi/Scribo/Scuti/Scuto/Scutum/Seca/Secabo/Secans/Secant/Secare/Secari/Secas/Secat/Secate/Secato/Secem/Secent/Seces/Secet/Seco/Sector/Secui/Secuit/Sed/Sede/Sedem/Sedes/Sedi/Sedis/Sedium/Sedum/Semel/Semper/Sena/Senae/Senas/Sene/Senem/Senes/Senex/Seni/Senia/Senio/Senior/Senis/Senium/Senius/Senos/Sensu/Sensui/Sensum/Sensus/Senti/Sentio/Sentis/Sentit/Senum/Septem/Septem/Milia/Sequi/Sequor/Sera/Serae/Seram/Seras/Sere/Serere/Seri/Seris/Sermo/Sero/Seros/Serra/Serum/Serus/Serva/Servae/Servam/Servas/Servat/Serve/Servem/Server/Serves/Servet/Servi/Servis/Servo/Servor/Servos/Servum/Servus/Sex/Sex/Milia/Sexies/Sextus/Sidera/Sidere/Sideri/Sidus/Sigma/Signum/Silex/Silva/Silvae/Silvam/Silvas/Silvis/Sim/Simia/Simile/Simili/Simul/Simus/Sinam/Sinant/Sinas/Sinat/Sine/Sinens/Sinent/Sinere/Sines/Sinet/Sini/Sinis/Sinit/Sinite/Sinito/Sino/Sint/Sinunt/Sistam/Sistas/Sistat/Siste/Sistes/Sistet/Sisti/Sistis/Sistit/Sisto/Sit/Sita/Sitae/Sitam/Sitas/Site/Siti/Sitim/Sitis/Sito/Sitos/Situ/Situi/Situm/Situra/Siture/Situri/Situro/Situs/Situum/Sive/Sivero/Sivi/Sivit/Sol/Sola/Solae/Solam/Solare/Solari/Solas/Sole/Solem/Soles/Soli/Solis/Solius/Solos/Solum/Solus/Soluta/Solute/Soluti/Soluto/Solvam/Solvar/Solvas/Solvat/Solve/Solves/Solvet/Solvi/Solvis/Solvit/Solvo/Solvor/Sonus/Sorbe/Sorbi/Sorbis/Sorbo/Sorbos/Sorbum/Sorbus/Soror/Sorore/Sorori/Sors/Spece/Speci/Specie/Specio/Specis/Specit/Specto/Spero/Spexi/Spexit/Sta/Stabam/Stabas/Stabat/Stabis/Stabit/Stabo/Stamus/Stanni/Stanno/Stans/Stant/Stante/Stanti/Stanto/Stare/Starem/Stares/Staret/Stari/Stas/Stat/Stata/Statae/Statam/Statas/State/Stati/Statim/Statio/Statis/Stato/Statos/Statu/Statua/Statum/Statur/Status/Stella/Stem/Stemus/Stent/Stes/Stet/Steti/Stetis/Stetit/Stetur/Stiti/Stitit/Sto/Strige/Strigi/Strix/Struo/Stulta/Stulte/Stulti/Stulto/Sub/Subito/Sucus/Sudor/Sugo/Sui/Sulfur/Sum/Sumam/Sumant/Sumas/Sumat/Sume/Sumens/Sument/Sumere/Sumes/Sumet/Sumi/Sumis/Sumit/Sumite/Sumito/Sumo/Sumpsi/Sumpta/Sumpte/Sumpti/Sumpto/Sumptu/Sumunt/Sunt/Sunto/Super/Supra/Surdus/Surgo/Sus/Suus/Taceo/Tacta/Tactae/Tactam/Tactas/Tacte/Tacti/Tactis/Tacto/Tactos/Tactu/Tactui/Tactum/Tactus/Tagma/Talis/Tam/Tamen/Tandem/Tangam/Tangar/Tangas/Tangat/Tange/Tanges/Tanget/Tangi/Tangis/Tangit/Tango/Tangor/Tantum/Tantus/Tarde/Tardo/Tardus/Tarifa/Tarmes/Tau/Taure/Tauri/Tauris/Tauro/Tauros/Taurum/Taurus/Taxabo/Taxant/Taxare/Taxari/Taxas/Taxat/Taxate/Taxato/Taxe/Taxem/Taxent/Taxes/Taxet/Taxi/Taxis/Taxo/Taxos/Taxum/Taxus/Tecta/Tectae/Tectam/Tectas/Tecte/Tecti/Tectis/Tecto/Tectos/Tectum/Tectus/Tegam/Tegant/Tegar/Tegas/Tegat/Tege/Tegens/Tegent/Tegere/Teges/Teget/Tegi/Tegis/Tegit/Tegite/Tegito/Tego/Tegor/Tegunt/Tellus/Tempus/Tene/Teneam/Tenear/Teneas/Teneat/Tenebo/Tenens/Tenent/Teneo/Teneor/Tener/Tenere/Teneri/Tenes/Tenet/Tenete/Teneto/Tenui/Tenuit/Ter/Ter/Decies/Terna/Ternae/Ternas/Terni/Ternio/Ternis/Ternos/Terra/Terrae/Terram/Terras/Terris/Testa/Tetigi/Tetrao/Texero/Texi/Texit/Textus/Thema/Theta/Thous/Tigris/Tilia/Tiliae/Tiliam/Tilias/Tiliis/Tiro/Toga/Tonsor/Tonsus/Tot/Tota/Toti/Totius/Toto/Totum/Totus/Trabe/Trabem/Trabes/Trabi/Trabis/Trabs/Trabum/Tracta/Tracte/Tracti/Tracto/Traduc/Tradux/Traham/Trahe/Trahet/Traho/Trans/Transi/Tres/Tria/Tria/Milia/Tribue/Tribui/Tribuo/Tribus/Novem/Octo/Trini/Trinio/Tripus/Trium/Tuber/Tui/Tulero/Tuli/Tulipa/Tulit/Tum/Tunc/Tunga/Tunica/Turba/Turbae/Turbam/Turbas/Turbat/Turbem/Turbes/Turbet/Turbis/Turbo/Turma/Turpa/Turpas/Turpat/Turpe/Turpis/Turpo/Turres/Turri/Turrim/Turris/Tursio/Tuus/Uber/Ubi/Ubique/Ulcus/Ullus/Ulme/Ulmi/Ulmis/Ulmo/Ulmos/Ulmum/Ulmus/Ulter/Umbra/Una/Unda/Unde/Undeni/Uni/Unica/Unicae/Unicam/Unicas/Unice/Unici/Unicis/Unico/Unicos/Unicum/Unicus/Unimus/Unio/Unire/Uniri/Unis/Unit/Unite/Unitis/Unitus/Uniunt/Unus/Urbes/Urbium/Urbs/Urna/Urse/Ursi/Ursis/Urso/Ursos/Ursum/Ursus/Usquam/Usque/Usurpo/Usus/Uter/Utilis/Utinam/Utor/Utpote/Utra/Utrae/Utram/Utras/Utri/Utris/Utrius/Utro/Utros/Utrum/Uva/Uvae/Uvam/Uvarum/Uvas/Uvis/Uxor/Vacca/Vadum/Vale/Valens/Valent/Valeo/Valere/Vales/Valet/Valete/Valor/Vas/Vectis/Vector/Veho/Vel/Velim/Velint/Velis/Velit/Velle/Vellem/Velles/Vellet/Velox/Velut/Vendo/Venena/Veneni/Veneno/Venero/Veni/Veni,/Vidi,/Vici/Veniam/Venias/Veniat/Venies/Veniet/Venio/Venire/Veniri/Venis/Venit/Venite/Venito/Vente/Venti/Ventio/Ventis/Vento/Ventos/Ventu/Ventui/Ventum/Ventus/Ver/Vera/Verae/Veram/Veras/Verba/Verbi/Verbis/Verbo/Verbum/Vere/Vereor/Vergo/Veri/Veris/Vermis/Vero/Veros/Verto/Verum/Verus/Vester/Vestri/Vetera/Vetere/Veteri/Vetero/Vetula/Vetus/Via/Viabam/Viabas/Viabat/Viabis/Viabit/Viabo/Viae/Viam/Viamus/Vians/Viant/Viante/Vianti/Vianto/Viare/Viarem/Viares/Viaret/Viari/Viarum/Vias/Viat/Viate/Viatis/Viato/Viator/Viatur/Vice/Vicem/Vicena/Viceni/Viceni/Vicero/Vices/Primus/Vici/Vicies/Vicis/Vicit/Vico/Vicos/Victa/Victae/Victam/Victas/Victe/Victi/Victis/Victo/Victor/Victos/Victum/Victus/Vicum/Vicus/Vide/Videns/Vident/Video/Videre/Videri/Videro/Vides/Videt/Videte/Vidi/Vidit/Vie/Viem/Viemus/Vient/Vies/Viet/Vietis/Vietur/Vigil/Duo/Tres/Unus/Viis/Vim/Vina/Vincam/Vincas/Vincat/Vince/Vinces/Vincet/Vinci/Vincio/Vincis/Vincit/Vinco/Vini/Vinis/Vino/Vinum/Vio/Viola/Vir/Vires/Virgo/Viri/Viris/Virium/Viro/Viros/Virtus/Virum/Vis/Visio/Visire/Visium/Visu/Visui/Visum/Visus/Vita/Vitae/Vitam/Vitas/Vitis/Viva/Vivae/Vivam/Vivant/Vivas/Vivat/Vive/Vivens/Vivent/Vivere/Vives/Vivet/Vivi/Vivis/Vivit/Vivite/Vivito/Vivo/Vivunt/Vivus/Vixero/Vixi/Vixit/Voca/Vocabo/Vocale/Vocans/Vocant/Vocare/Vocari/Vocas/Vocat/Vocata/Vocate/Vocati/Vocato/Vocatu/Vocavi/Voce/Vocem/Vocent/Vocer/Voces/Vocet/Voci/Vocis/Voco/Vocor/Vocum/Vola/Volabo/Volam/Volans/Volant/Volare/Volas/Volat/Volate/Volato/Volatu/Volavi/Volem/Volens/Volent/Voles/Volet/Volo/Volone/Voloni/Volui/Voluit/Volunt/Volvam/Volvas/Volvat/Volve/Volves/Volvet/Volvi/Volvis/Volvit/Volvo/Vos/Vox/Vulgi/Vulgo/Vulgum/Vulgus/Vulpes/Vult/Vultis/Vultur/Xenon/Zelus/Zenith/Zero/Zeta/Zinci/Zinco/Zincum/Zytha/Zythi/Zythis/Zytho/Zythum/Aala/Abadan/Abril/Abu/Abin/Athr/Aithna/Ajal/Ajil/Ajmae/Ahad/Ahid/Iihdaa/Akh/Akhbir/Akhadh/Akhar/Akhraa/Akhu/Iidh/Iidhan/Idhaan/Adha/Adhar/Iidhan/Arbae/Arbiea/Arbaea/Artd/Araa/Iiza/Askun/Asbah/Aisbuh/Aslan/Adhaa/Aidhaa/Atar/Ateam/Aieada/Aetaa/Aelam/Aelant/Ufin/Afin/Afril/Afeal/Bih/Aqbal/Akthar/Akthur/Akad/Ala/Iilaa/Illa/Ala/Alala/Alulaa/Alan/Alan/Alawl/Alawla/Alati/Alataa/Aladhi/Alf/Alf/Alfaa/Almadi/Alwaqt/Iily/Iilaa/Aly/Ala/Ilayk/Ilyk/Ilykn/Alyh/Alyha/Alyawm/Amaa/Amma/Iimaa/Imma/Ama/Amam/Amam/Amamak/Amamk/Amad/Ams/Amas/Amsaa/Amasaa/Amyn/Anan/Iina/Ina/Ana/Ana/Anba/Ant/Ant/Ant/Antum/Antuma/Antin/Ansha/Anfa/Anah/Iinah/Anah/Anaha/Iinaha/Anaha/Anna/Ahaan/Ahlan/Awt/Awshak/Awal/Awl/Awla/Awwh/Ayana/Ayaar/Ayar/Iiaak/Ayam/Ayan/Iiana/Iiaah/Iiaaha/Iyay/Aydan/Ayidan/Aylul/Ayn/Iyh/Bat/Biasm/Biana/Biina/Ban/Bkh/Bud/Bris/Bas/Bide/Batuan/Baed/Bueda/Baed/Baghta/Bal/Balh/Bala/Bih/Biha/Busan/Bis/Bid/Bayn/Tasie/Tan/Tanik/Tbddl/Tujah/Taht/Tahta/Thwwl/Tark/Tise/Tisea/Tisein/Taesan/Telam/Takun/Tilqa/Tilk/Tama/Tamuwz/Tih/Tayn/Tink/Thaan/Thamin/Than/Thani/Thania/Thuma/Thma/Thm/Thaman/Thmm/Janfi/Jidana/Jaeal/Jalal/Jumea/Jamie/Junayh/Juan/Juilia/Jyr/Jym/Haan/Hadi/Har/Hasha/Hay/Habib/Hataa/Hajana/Hdath/Hadhar/Haraa/Hasab/Haqana/Hamdan/Hamw/Hawl/Hya/Hayth/Hin/Khaan/Kharij/Khal/Khamis/Khbar/Khalaa/Khilal/Khalf/Khams/Khamsa/Khamis/Dal/Dirham/Diraa/Dular/Dun/Dunuk/Dik/Dinar/Dha/Dhat/Dhak/Dhal/Dhan/Dhanik/Dhalik/Dhih/Dhahab/Dhu/Dhi/Dhit/Dhayn/Dhinuk/Rabie/Rah/Ruaa/Ruba/Rajae/Rizq/Rial/Rith/Zay/Zaeum/Zuad/Ziara/Sabie/Sadis/Sabt/Subhan/Sabe/Sabea/Sabein/Sit/Sita/Sitiyn/Suhqan/Sirana/Surean/Saqaa/Sana/Santim/Sawf/Siwa/Syn/Shubat/Shibh/Shtan/Sharae/Shamal/Shikil/Shyn/Sad/Sar/Sabah/Sabr/Sabran/Sadqa/Sifr/Dad/Dida/Dimn/Taq/Talama/Tarana/Tafaq/Taq/Zala/Zna/Ead/Eashir/Eam/Eaman/Eajban/Eda/Eada/Eida/Eadad/Eadas/Eadam/Easaa/Eashar/Eashra/Eal/Elan/Ealaq/Eilm/Eali/Ealaa/Ealayk/Ealayh/Ean/Eind/Eanh/Eanha/Eiwad/Euyin/Ghadir/Ghadan/Ghayr/Ghyn/Faana/Faiin/Fan/Fanah/Fadlan/Faeal/Faqad/Faqat/Fakan/Fulan/Fils/Fama/Fahu/Fahi/Fahaa/Fawq/Faa/Fifiri/Fih/Fiha/Qatiba/Qaf/Qal/Qam/Qabl/Qad/Qirsh/Qalama/Qalil/Qua/Kad/Kaf/Kaana/Kan/Kan/Kanat/Kanun/Kay/Kayn/Kikh/Kadha/Karb/Kasa/Kulu/Kalaa/Klaa/Kilta/Klm/Kllma/Kam/Kama/Kun/Kaa/Kit/Kayf/Lat/Lazal/Siama/Lam/Liana/Lbiyk/Ludun/Ladaya/Ladaa/Ladayh/Laeala/Lela/Liqa/Lak/Lakin/Lkna/Lam/Lamaa/Lmma/Lan/Lana/Lah/Laha/Lahum/Lawla/Lwma/Layt/Lira/Lays/Liasib/Anfaka/Mabrih/Burih/Madam/Madha/Maris/Mazal/Mafti/May/Miaya/Mayw/Mataa/Mithl/Mudh/Mrr/Masaan/Mae/Mueadh/Muezam/Maeah/Maeaha/Mkanak/Mkankn/Milyar/Malim/Milyun/Mimaa/Man/Mundh/Minh/Minha/Mih/Mahma/Mia/Miatan/Mym/Nbaa/Nahn/Nahw/Nakh/Naeam/Nafs/Nafsak/Nafsuh/Nafsi/Nihaya/Nun/Nisan/Nif/Haan/Hatan/Hatih/Hati/Hatayn/Hak/Haj/Hadha/Hadha/Hadhan/Hadhih/Hadhih/Hadhi/Hal/Hlla/Halila/Haluma/Hum/Huma/Hamza/Huna/Huna/Hunak/Hawula/Hawla/Haa/Hayaa/Hya/Hayhat/Hayhat/Waabu/Wahid/Wadaf/Wakad/Walati/Waana/Waiin/Wan/Wahaan/Waw/Wabayn/Wthi/Wajd/Wujud/Wraak/Warada/Wafi/Waqal/Waqad/Waqaf/Wakan/Wakulu/Wala/Walam/Walan/Walah/Walays/Wama/Wamae/Waman/Wahab/Wahu/Wahi/Wahaa/Way/Yajri/Yakun/Yali/Yumkin/Yamin/Yan/Yuan/Yuru/Yuliu/Yawm/Yuniu